Workbook

Sheet marketing_data_dictionary
A1: Column1 | B1: Column2
A2: Field | B2: Description
A3: ID | B3: Customer's unique identifier
A4: Year_Birth | B4: Customer's birth year
A5: Education | B5: Customer's education level
A6: Marital_Status | B6: Customer's marital status
A7: Income | B7: Customer's yearly household income
A8: Kidhome | B8: Number of children in customer's household
A9: Teenhome | B9: Number of teenagers in customer's household
A10: Dt_Customer | B10: Date of customer's enrollment with the company
A11: Recency | B11: Number of days since customer's last purchase
A12: MntWines | B12: Amount spent on wine in the last 2 years
... A30: Country | B30: Customer's location

Sheet dictionnary_summary
A1: column_name | B1: Description | C1: Range | D1: data_type | E1: Validation | F1: Transformation | G1: analytical_role | H1: notes | I1: Anomalies | J1: Recommanded actions
A2: =marketing_data_dictionary!A3 -> ID | B2: Uniquely identifies a customer | D2: integer | G2: identifier/technical | H2: used only to identify a customer not to calculate metrics.Allows all individual tracking and linking if needed
A3: =marketing_data_dictionary!A4 -> Year_Birth | B3: customer's birth year | C3: 1914-2014 | D3: year | E3: Values must belong to the predefined birth year interval | F3: Calculate age | G3: descriptive/segmentation/ variable explicative | H3: can be converted into age to segment clients and analyze how age affects purchases and marketing campaign. | I3: Outliers are 1899, 1899,1900 | J3: Outliers are far from the defined range, inconsistent with the rest of the data, and their origin is unknown (input error, disguised missing data). Ideally, they should be excluded.
A4: =marketing_data_dictionary!A5 -> Education | B4: customer's education level | C4: {PhD, Graduation, 2n Cycle, Master, Basic} | D4: categorical | E4: Values must belong to the predefined education levels list | G4: segmentation/ variable explicative | H4: Combined with other colums like Income, Response, it helps understand how education influences purchasing behavior and marketing effectiveness. All missing and unexpected values should be treated as missing information and exluded from analysis. Although education levels have a natural order, the variable is treated as nominal since the analysis focuses on group comparison rather than ordinal computation
A5: =marketing_data_dictionary!A6 -> Marital_Status | B5: customer's status
A6: =marketing_data_dictionary!A7 -> Income | B6: =marketing_data_dictionary!B7 -> Customer's yearly household income
A7: =marketing_data_dictionary!A8 -> Kidhome | B7: =marketing_data_dictionary!B8 -> Number of children in customer's household
A8: =marketing_data_dictionary!A9 -> Teenhome | B8: =marketing_data_dictionary!B9 -> Number of teenagers in customer's household
A9: =marketing_data_dictionary!A10 -> Dt_Customer | B9: =marketing_data_dictionary!B10 -> Date of customer's enrollment with the company
A10: =marketing_data_dictionary!A11 -> Recency | B10: =marketing_data_dictionary!B11 -> Number of days since customer's last purchase
A11: =marketing_data_dictionary!A12 -> MntWines | B11: =marketing_data_dictionary!B12 -> Amount spent on wine in the last 2 years
A12: =marketing_data_dictionary!A13 -> MntFruits | B12: =marketing_data_dictionary!B13 -> Amount spent on fruits in the last 2 years
A13: =marketing_data_dictionary!A14 -> MntMeatProducts | B13: =marketing_data_dictionary!B14 -> Amount spent on meat in the last 2 years
A14: =marketing_data_dictionary!A15 -> MntFishProducts | B14: =marketing_data_dictionary!B15 -> Amount spent on fish in the last 2 years
A15: =marketing_data_dictionary!A16 -> MntSweetProducts | B15: =marketing_data_dictionary!B16 -> Amount spent on sweets in the last 2 years
A16: =marketing_data_dictionary!A17 -> MntGoldProds | B16: =marketing_data_dictionary!B17 -> Amount spent on gold in the last 2 years
A17: =marketing_data_dictionary!A18 -> NumDealsPurchases | B17: =marketing_data_dictionary!B18 -> Number of purchases made with a discount
... A29: =marketing_data_dictionary!A30 -> Country | B29: =marketing_data_dictionary!B30 -> Customer's location

Sheet Feuil1
